comment_text,sentiment_polarity,sentiment_label
Platinum Car Charger for Samsung Mobile Feature Cell Phones A630 A850 A950 A970 | eBay http://t.co/aBMOxJrXkR #cromecast vs #appletv,0.0,neutral
"We just had to do it!! :) ;) :)

Minecraft VR Virtual Reality - Samsung Mobile GearVR Edition... https://t.co/2cb4B0kSO8",0.8168,positive
Samsung's Next-Gen Smartwatch Could Offer Mobile Payments [Rumor] http://t.co/XY2cRZiKu9 #samsung #mobile,0.0,neutral
"Hype Video Broadcast App Has Niche Potential
#neXva #AppStore
Samsung Mobile My Applications Mobileapp https://t.co/qEoBXmjack",0.0,neutral
"The radiation that can cause cancer from Samsung mobile phones r the lowest compared to other brands! The highest is bb, followed by iphone.",-0.807,negative
Samsung Mobile Apps - MOBILE PHONE-Latest Info Corner Of ...,0.0,neutral
electrical appliance Samsung Mobile Phones- An Ocean Of Unlimited Varieties!: Samsung mobile phones have become ... http://bit.ly/k3tXQu,0.0,neutral
@unotim @EwenRankin Scared? Of me and Big Bob? Please. We mean you no harm. You don't work for Samsung Mobile do you? #innocentwhistling,-0.7808,negative
...and Samsung mobile in space will be just plain cool! #spacechat,0.3802,positive
#360WiseNews #Mobile Report: Samsung mobile employees are getting reduced bonuses this.. https://t.co/JLJY4GJFBO https://t.co/UO1GpnHq1g,0.5574,positive
Samsung Mobile CEO: Note 7 'Was Like Heaven to Hell' https://t.co/UZjHvCOPpB https://t.co/NvUgCcWK0Z,0.0516,positive
#Samsung looks to a ânew frontierâ of mobile intelligence https://t.co/yaFPqNqaNE https://t.co/tnO70rrX4b #DataScience #MachineLearning #DeepLearning #NLP #Robots #AI #IoT #BigData,0.4767,positive
Let's see if I win! (@ Samsung Mobile Live - Mall At Short Hills) http://4sq.com/kXZlvK,0.6239,positive
"Top 50 Branded Facebook Fan Pages â November 2012 â Samsung Mobile USA, Oreo, Leviâs http://t.co/xAjVBwph via @ignitesma",0.4767,positive
"Like Cel-factor page
Like and Share this picture on Cel-Factor page

WIN Samsung mobile and CelFactor chip http://t.co/jbmo4fDWyM",0.8941,positive
Samsung Mobile! Grand Torrent shp? Rblimi winner 4G T-Mobile Sidekick from Samsung. . . â SYSâ¦ http://goo.gl/fb/U4vBt,0.7959,positive
"TmoNews: Samsung Mobile Canada Confirms Galaxy S III Specs For T-Mobile: 
		 I donât know the Canadian ... http://t.co/C140Wv9f #tmobile",0.0,neutral
"RT TechCrunch : Samsung Mobileâ releases the new S8 and S8+ phones, pet-sitting companies Rover and DogVacay mergeâ¦ https://t.co/HPCQhkN8pA",0.0,neutral
@MissArriene @Saranghaedude now you're just being mean to my lost samsung mobile ð­ ð,-0.3182,negative
Its Holiday season happy people! Buy a Samsung Mobile device worth 10k for your loved one&amp; get a free SHoprite Voucher #SamsungHolidayTreats,0.9412,positive
Pre-order &amp;amp; get R500 towards any qualifying Samsung original accessory plus a 6-month Samsung Mobile Care service plan. Ts &amp;amp;Cs apply. https://t.co/7PjXq1ictV,0.6705,positive
"How amazing would it be to win a #Samsung Mobile! Play the game, find #LittleSantu here: https://t.co/uAC2PPW173 @india4contests @Contest_in https://t.co/O46Bb4Qjcr",0.8832,positive
RT @samuelmilby Congrats to Samsung Mobile for being #1 na here in the Philippines! @katgonida,0.5707,positive
#UNPACKED continues to expand the GALAXY family with the arrival of the #GALAXYCamera http://t.co/6Vaw5TD4 -- Samsung Mobile,0.3182,positive
"30,110 people on Facebook like Samsung Mobile Kenya. Share this post or RT and we could tell you what we've lined... http://t.co/4cwSgSVZ",0.5719,positive
"Samsung Mobile and SCVNGR to Host Free, City-Wide Mobile Treasure Hunt in June http://dlvr.it/S1qCm",0.6705,positive
#cellular #deals https://t.co/6A1fkHrYmr Car Air Vent Mount Cradle Holder Stand for iPhone Samsung Mobile Phone Ceâ¦ https://t.co/pG0p4El5Pt,0.0,neutral
Samsung Mobile | Samsung Droid Charge Now Available On Verizon http://dlvr.it/Rl2WV,0.0,neutral
Win a Samsung Mobile Phone http://t.co/G3vh2GjB,0.5859,positive
Ultra Modern &amp; Cutting Edge Features Embedded in Latest Samsung Mobile : Do you want  a tak http://t.co/MoO8M0OmzQ,-0.0516,negative
RT @bavmajithia: Last chance to win a brand new #samsung mobile phone just guess my room hotel number. You get 1 Guess &amp; must Retwee ...,0.7269,positive
"ð¥ Wow!
3 Feet 10-Pack Lightning Cable Compatible with iPhone iPad for $11.04!

58% off!

#geek #tech #bots #deals #amazon #home #iPhone #iPad #Android #Samsung #mobile #galaxy #Google #gadgets #gifts #ios #love #technews #power #PC #dev https://t.co/XsWp7NtjWX https://t.co/ZwUS02MB9S",0.6884,positive
"Samsng Brand Quiz AdvanceYou think you know about Samung? Answer the followinghttps://t.co/Vf0LyC6nrV#smartphones #samsung #mobile #business #history #quiz",0.0,neutral
"Samsung Mobile and SCVNGR to Host Free, City-Wide Mobile Treasure Hunt in June - SYS-CON Media (press release) http://bit.ly/k2H6Ga",0.6705,positive
"Do Bigger Things with  @SamsungMobile Galaxy Note8, the Next Level Note  â¦ #PFLifestyle Samsung Mobile Samsung... https://t.co/5RvW1CerUV",0.0,neutral
Iâm watching Samsung Mobile #UNPACKED. Follow @SamsungMobile for live tweets from Berlin! http://t.co/oxP0FNt6,0.0,neutral
"#Samsung_mobile is most profitable handset Company, not #Apple! | #ServiceBaba - http://t.co/x2QMKCQbkb",0.54,positive
Iâve just uploaded a great new tip for a Samsung Mobile device. Click here to find out more and vote it as the best. http://t.co/LtJvY8xg,0.8519,positive
"Galaxy Note 7 to get Nougat in âtwo to three months,â Samsung mobile chief says: The Galaxy Note 7 could get ... https://t.co/oocAd9SOhv",0.0,neutral
"#SamsungMobileServiceCenter Samsung Galaxy s2,s3,s4,s5,s6,s6edge,s7,s7edge,s8,s8plus,s9 DIsplay Battery Replacement in Hour #Jayanagar #Bangalore Ph: 08041521114 https://t.co/mebQDJSs7t",0.0,neutral
Galaxy S7 Rumored Features Will Help Samsung 'Catch Up' To Apple's iPhone https://t.co/4vjefoe9Oh #samsung #mobile,0.4019,positive
Galaxy S III Starter Guide | Samsung Mobile Article http://t.co/AaYIP6dN #samsungusa,0.0,neutral
Tonight a free Samsung mobile phone will be given away. Just retweet &amp;amp; follow. #bavfreebie,0.5106,positive
Samsung decides to send free gift to T-Mobile customers who pre-ordered the Galaxy Note 7 early https://t.co/YyhD3lhDro #samsung #mobile,0.7351,positive
"Galaxy S8, a second chance for Samsung Mobile? https://t.co/48Nf4tmLGT",0.25,positive
Samsung mobile executive confirms smart watch development http://t.co/HICaDnE2zf,0.4019,positive
"Samsung Mobile Unpacked 2012 - IFA Event , Full length Available Now - [Video] - The Android Cop - Latest Android News http://t.co/0ou0coKr",0.0,neutral
"If you work as a security guard at a Samsung mobile phone store , does that make you Guardian Of The Galaxy?",0.34,positive
"#nougat, @vodacom 111, samsung mobile sa, progtam O is rolling out and we still have to wait for the #nougat for the samsang 7 edge?  ð£",0.0,neutral
Phones should be better at predicting what we're about to do https://t.co/TO7RNAJs9I #samsung #mobile,0.4404,positive
I'm at Samsung Mobile (Plaza Singapura (Basement 2)) http://t.co/mKd5Xy9p,0.0,neutral
"To promote the newly launched Samsung Galaxy S4 with its cool âsmart pauseâ technology, Samsung Mobile challenged... https://t.co/GjWfOH6SgC",0.6597,positive
"LG mobile sales tank as Samsung Mobile revenues improve, but they're still below 2014's Peak Galaxy https://t.co/A5eJuQ7ocD #tech https://t.co/nutuo0KGpB",0.2382,positive
"Even Samsung mobile hangs for a minute, but Sri Lankan players don't (on the pitch). #IndvSL",0.0,neutral
Samsung Mobile Scraps May 24 Launch Event in New York - All Things Digital http://bit.ly/iFKyN2,0.0,neutral
"#Social #CRM Harte-Hanks & Samsung Mobile to Share ""The 7 Critical Steps to Successful ...: The presenters are b... http://bit.ly/iXmPHO",0.5719,positive
"#SDPNews Samsung Finally #Unpacked The Galaxy S9 &amp;amp; S9+, Features Upgraded Camera - Source: Samsung Mobile / Samsung Mobile Since their battery debacle with the Galaxy Note S7, Samsung has been on the right track restoring customers faith in their smar... https://t.co/oM8kuAmmGi",0.6124,positive
Samsung Mobile US: You got your hands on a Galaxy device. Next step: head toâ¦ https://t.co/4A7i4XETaf #BrandsIUse https://t.co/3J5KrziamX,0.0,neutral
"@LambMurray hey do you still do stuff with Samsung mobile? Found your tweet by searching, trying to contact Samsung global PR.",0.0,neutral
Samsung plays up Galaxy Note 7's iris scanner     - CNET: The company's mobile chief tou... https://t.co/R8Vp7CCiP5 (via @cnet) #gadgets,0.25,positive
NEW T-Mobile Samsung T139 FLIP PHONE WITH NO CONTRACT http://t.co/f1tzWrN8 #SAMSUNG #mobile #cell #flipphone #tmobile #t-mobile #nocontract,-0.4466,negative
Samsung Mobile Sim Tray Solution https://t.co/d0bqJxftOi,0.3182,positive
Samsung infuses AT&T with 4G smartphone:  AT&T Wireless and Samsung Mobile announced the thin and light Infuse 4... http://bit.ly/jud72W,0.0,neutral
I am using http://t.co/wHboc1O to download content for my Samsung mobile. http://t.co/ohSlhr2,0.0,neutral
Samsung Mobile S8 is here! Pre-order it now at AED 2799 https://t.co/WRYYkV6gtO https://t.co/ajDUs95LSG,0.0,neutral
@iAmShararti Miss you Samsung mobile... Font style.. ðð,-0.1531,negative
#4: WeanasÂ® Cycling Bike Bicycle Frame Pannier Front Top Tube Bag X Large Waterproof for iPhone Samsung Mobile... http://t.co/sh6h0IdBJL,0.2023,positive
â½â£ Selfie Stick Monopod Camera Holder Button Cable For #Iphone 5 6 #Samsung Mobile https://t.co/uOI3yYjmcR https://t.co/lDRp5llvwO,0.0,neutral
"Samsung Mobile Samsung Galaxy SO9|O9+ Official Introduction.
The Phone.Reimagined. 
25.O2.2O18 https://t.co/6izkcjhfic",0.0,neutral
Samsung working on new VR headset that won't require a phone https://t.co/OkvAenoVLT #samsung #mobile,0.0,neutral
"Notice written inside a Samsung Mobile store for Gujjus..""Please note that Samsung Galaxy ""Ace"" &amp; Samsung galaxy ""S"" are 2 different phones""",0.0,neutral
The Best Samsung Mobile Phone https://t.co/SDdGs44wMu,0.6369,positive
Discover GALAXY Tab 10.1 - Samsung Mobile on http://t.co/vWI6e5ua and http://t.co/EkKZhVqm,0.0,neutral
"Wait some more days to grab the Galaxy S III Mini Samsung Mobile
http://t.co/gMaxp9xQ",0.0,neutral
Samsung Galaxy S4 Â£549.99 with FREE Delivery http://t.co/etdcRCjakx #Samsung #Mobile #Deal,0.6166,positive
"Samsung Mobile devices are iPhone/iPad look alike, similarities you can't miss 
http://ow.ly/4N6Vs",0.1139,positive
Galaxy Note 7 In-Depth Review: Samsung's Best Ever Phone https://t.co/BrX9epwKQ1 #samsung #mobile,0.6369,positive
"Companies that run ads on the Roseanne show:

âMicrosoft
âPizza Hut
âOreo
âNIVEA USA
âindelight
âboostmobile
âExpedia
âTrueCar
ârealtordotcom
âhotelsdotcom
âpepsi
âCocaCola
âAshley Home Store
âSUBWAY
âMetro PCS
âverizon
âSamsung Mobile
âOutback

#BoycottRoseanne",0.0,neutral
News: Fones.com recently released Samsung Galaxy S2 mobile phone: Samsung mobile phones have achieved f... http://bit.ly/kvF4LS #Samsung,0.0,neutral
Attention #STEM Teachers! Encourage teens (gr. 11-12) to apply to attend a FREE three-day Samsung Mobile App Academy: http://t.co/jKD7Tu1Cbk,0.8236,positive
"Companies that run ads on the Roseanne show:

âMicrosoft
âPizza Hut
âOreo
âNIVEA USA
âindelight
âboostmobile
âExpedia
âTrueCar
ârealtordotcom
âhotelsdotcom
âpepsi
âCocaCola
âAshley Home Store
âSUBWAY
âMetro PCS
âverizon
âSamsung Mobile
âOutback

#BoycottRoseanne",0.0,neutral
"T-Mobile, America's First Nationwide 4G Network 
Sent by Samsung Mobile - http://t.co/gF2p7rdD",0.0,neutral
"Hiring a District Market Manager (Samsung Mobile) in New Orleans, LA http://t.co/UWRYBWuLi7 #thenxtBIGjobNOLA",0.0,neutral
Universal Car 12V 3-Port USB DC Charger Adapter For iPhone SamSung Mobile phone https://t.co/55paRjmuEO https://t.co/YBZcd4uxD9,0.0,neutral
Secure. I was waiting for this for quite some time thankyou Samsung Mobile IN for bringing #SamsungPay. Keen to try soon!,0.636,positive
"Samsung mobile CEO: Our foldable phone won't be just a gimmick - CNET
https://t.co/AzLR8wbZp1 https://t.co/rE5GkD6cQW",0.0,neutral
How LinkedIn Followers Boost the Samsung Mobile Brand [INFOGRAPHIC] http://t.co/MZZqHsazb9,0.4019,positive
"@SamsungMobileIN I need samsung mobile service center address, not the samsung mobile store.",0.0,neutral
Random composition #rabinshakyaphotography #mobilephotography #samsung #mobile_phoneographyâ¦ https://t.co/49noOtWo65,0.0,neutral
Marvel's Avengers: Age of Ultron and Samsung Mobile Full https://t.co/TfGu7HR0PJ via @YouTube,0.0,neutral
"Samsung Announces Ice Cream Sandwich Update for Galaxy Smartphones, Tablets: Samsung Mobile has just announced t... http://t.co/EtplqLlo",0.0,neutral
"Whatâs up, Galaxy owners? You can now win #iHeartJingleBall tix by visiting your local Samsung Mobile USA Care... https://t.co/Z0quc7WxLI",0.5859,positive
New Model Samsung Mobile | Shop Galaxy J7 Online at poorvikamobile: Mobiles &amp; Accessoriesâ¦ https://t.co/XyrLKVnSAa,0.0,neutral
@Samsung_India #TalkAwayS3 I would always take care of you Samsung mobile S3,0.4939,positive
Introducing the new samsung mobile! http://t.co/yYWhBlU1,0.0,neutral
#wordpress Watch this: Samsung's Mobile Unpacked event at IFA 2012 in all its magical weirdness http://t.co/OIhpsxY4,-0.2263,negative
Congrats to Samsung Mobile for being #1 na here in the Philippines!,0.5707,positive
NEW T-Mobile Samsung T139 FLIP PHONE WITH NO CONTRACT http://t.co/pYZa7m28 #SAMSUNG #mobile #cell #flipphone #tmobile #t-mobile #nocontract,-0.4466,negative
"Galaxy Note 7 was one of my best ever phone, When will they release Samsung Galaxy Note FE (Fan Edition) INTERNATIONAL Samsung Mobile ???",0.6946,positive
android 7.0 officially samsung mobile me update kab mil sakta haii #askSTG,0.0,neutral
Samsung Mobile PIN Shops Readying for GALAXY S III Launch http://t.co/avxr9SSE,0.0,neutral
#matrix Samsung Mobile Chief Wants Tighter Security To Prevent Leaks https://t.co/Qb1rXgbOru,0.3612,positive
US Cellular Rolling Out Samsung Shops https://t.co/KomJv3CSwN #samsung #mobile,0.0,neutral
https://t.co/WS8VHJAK8a Samsung Mobile Android Cell Galaxy Stellar 4G I200 Black Verizon Smartphone,0.0,neutral
Updated blog post: Jackie Chan in China presented Samsung mobile with two screens: http://t.co/bj2D4F1W,0.0,neutral
Gostei de um vÃ­deo @YouTube http://t.co/Q3KaX7hl1p and Samsung Mobile present 'Battle for the Avengers Tower' 360Â° experience,-0.3818,negative
"Samsung, Tencent battle for place as Asia's top firm https://t.co/uVbjPUUIBE #samsung #mobile",-0.2023,negative
#bavfreebie will happen again tomorrow giving away another brand new #Samsung mobile phone. Can't hurt just to Retweet &amp;amp; Follow. :-),0.7562,positive
How to check Samsung Mobile Original or Korean.: https://t.co/GmxqCngrea via @YouTube,0.3182,positive
"Suggested following: Samsung Mobile... They want me to follow a phone? What is it, a demon phone that can tweet by itself?",0.168,positive
"@mfaudzinr ""@SamsungMalaysia: Purchase a GALAXY Smartphone, and receive a FREE Samsung  HM1800 Bluetooth Headset!
http://t.co/VUxBdqTCy8""",0.6514,positive
Platinum Travel Wall Home Charger for Samsung Mobile Feature Phones A630 A850 | eBay http://t.co/E5L6ZHRgYu #EBAY #ACCESSORY #DAILYDEALS,0.0,neutral
"Companies that run ads on the Roseanne show:

âMicrosoft
âPizza Hut
âOreo
âNIVEA USA
âindelight
âboostmobile
âExpedia
âTrueCar
ârealtordotcom
âhotelsdotcom
âpepsi
âCocaCola
âAshley Home Store
âSUBWAY
âMetro PCS
âverizon
âSamsung Mobile
âOutback

#BoycottRoseanne",0.0,neutral
"May The New Year See You Giving,
Loving, Living And Lots Of Hugging!
Wishing You A Happy And Healthy Life
And A Prosperous New Year

Regards 
Rahul Sharma &amp;amp;
With Sharma family
Samsung mobile Firozabad
ðððððððððððð
ðððððððððððð â feeling wonderful",0.975,positive
"TWO INDEPENDENT SERVICES Lower Outage Probability 200tms SEE #BRU0322 ð FOR #Samsung #Mobile #Apple
#tech #defstar5 #makeyourownlane #Mpgvip https://t.co/GMYbaCxAhY",-0.296,negative
"Samsung Mobile, Etisalat &amp; Union Bank Launch New Flexible Payment Plans for Etisalat-Samsun... http://t.co/gjAgeij0mI | Via @waduponline",0.2263,positive
Amazing footage captured on the Samsung Mobile Galaxy S8. Recorded and edited by the very talented Andy Threlfall. https://t.co/5fpv1Vlb5q,0.8122,positive
16GB Samsung Galaxy Note 10.1 WiFi (White) | Samsung Mobile http://t.co/eJC0zj749Z,0.0,neutral
Who got a new Samsung phone? RT @SamsungMobileUS: RT if there is a Samsung Mobile product under the tree (or if you wish there were!),0.4574,positive
@Tomi_Oladipo @bubusn May I suggest buying a Samsung mobile and signing up for the &quot;lookout&quot; application? Tried and tested :-),0.3182,positive
#360WiseNews #Mobile Report: Samsung mobile employees are getting reduced bonuses this.. https://t.co/3O587V2dcU https://t.co/dF888tDdA6,0.5574,positive
"Its On!

World Surf League Vans Samsung Mobile Chur Company #ItsOn https://t.co/hBjTwYYi6h",0.0,neutral
"Samsung Mobile, @samsungmobile is now trending in #Chicago

https://t.co/KrMlqgdqu0 https://t.co/LfvfjyqmUA",0.0,neutral
Marvel's Avengers: Age of Ultron and Samsung Mobile Full - S-Art-Video http://t.co/gCrZofQ4Li,0.0,neutral
See what influencers are saying about the #GalaxyCampus Perks from @SamsungMobileUS http://t.co/oTaiRiAtzl,0.0,neutral
"Trade-in your old phone and get a discount on a Galaxy S5, Tab Pro 8.4, or a Note Pro 12.2! http://t.co/kmwHbFtn0X http://t.co/sNKLCwVlQM",0.0,neutral
Samsung: Tizen OS will power our smart TVs in 2015 http://t.co/JjW4qEjxqC #samsung #mobile,0.4019,positive
Samsung mobile phone explosion sets Hong Kong house ablaze http://t.co/3iuWpDvftK,0.0,neutral
"I Lost my Samsung mobile. .
Now, I am using my Old Nokia mobile. .It is so hard for tweeting in #Twitter",-0.4882,negative
@samsung They cheat customers by giving ridiculous answers just to avoid customers #samsung #Mobile,-0.6486,negative
#SamsungPay making payments everywhere. Thanks to Samsung Mobile In for this. Leave cards at home now Best Pay,0.7543,positive
"You ever notice how most of the Samsung mobile accounts never tweet from an android device? Itâs either web client, tweetdeck, or iPhones. Lol",0.4215,positive
samsung mobile phone tools download https://t.co/EMoqtPQpwB https://t.co/TpgeJKSfVc,0.0,neutral
"@TechnicalGuruji @YouTubeIndia @TechnicalGuruji sir Mujhe is mobile k features bohat he badiya lagey..
Or face lock ka option 
Samsung mobile me first time dekh raha hai..
Aur j6 ka back look bohat hi kamaal ka lag raha hai..
Aur dikhne me bhi Slim mobile",-0.34,negative
#Spigen Rugged Armor Galaxy #Note7 Case #note7case #galaxynote7 #samsung #mobile #android https://t.co/qx1aNalCjj,0.0,neutral
Tonight a free Samsung mobile phone will be given away. Just retweet &amp;amp; follow. #bavfreebie,0.5106,positive
@LostboxUK Samsung mobile lost on unthank road in Norwich. Please help find,0.4019,positive
Manager Process Innovation - Data Analytics and HQ/Korean Communication at Samsung Mobile... http://t.co/DU17AjsDpB #korean #jobs #korea,0.3818,positive
how to flash samsung mobile with https://t.co/oBZF7boJS4 https://t.co/n54KWFEEQc,0.0,neutral
"Companies that run ads on the Roseanne show:

âMicrosoft
âPizza Hut
âOreo
âNIVEA USA
âindelight
âboostmobile
âExpedia
âTrueCar
ârealtordotcom
âhotelsdotcom
âpepsi
âCocaCola
âAshley Home Store
âSUBWAY
âMetro PCS
âverizon
âSamsung Mobile
âOutback

#BoycottRoseanne",0.0,neutral
Samsung mobile phones Wave II GT-S8530 http://ping.fm/TsdlB,0.0,neutral
Samsung Mobile Price in Nepal http://t.co/8IElEgR3tx,0.0,neutral
Facial recognition still not secure- as sh https://t.co/hw0LH1jO1p own by the appearance of feature on Galaxy 8 #samsung #mobile #security,-0.2584,negative
"Lalu's Facebook account hacker Golu arrested, 2 phones seized https://t.co/AffVWcu8Ib #samsung #mobile",-0.4767,negative
Discover GALAXY Tab 10.1 and 8.9 - Samsung Mobile on www.facebook.com/samsungmobile and http://t.co/AS5UWhF,0.0,neutral
Discover GALAXY Tab 10.1v - Samsung Mobile on www.facebook.com/samsungmobile and http://t.co/APKAkdF,0.0,neutral
"North Wales Police is to roll out the Unseen App to all their Samsung mobile devices to provide a quick and easy resource to officers and staff who may deal with different aspects of Modern Slavery  

https://t.co/03ub0HegG3 https://t.co/qlUvbT0jmX",-0.4404,negative
Samsung Electronics holds its âSamsung Mobile Solutions Forumâ in India https://t.co/AOzZKqrNYV @Technuter,0.1779,positive
"https://t.co/ZsbS92jnjf
Check out this new incident &lt; My Samsung mobile is overheating &gt; @SnapHelp https://t.co/WLA9CgwUAg",0.0,neutral
â§â Selfie Stick Monopod Camera Holder Button Cable For #Iphone 5 6 #Samsung Mobile https://t.co/uOI3yYjmcR https://t.co/nXvQXCKszA,0.0,neutral
Exclusive BYclouder SamSung Mobile Phone Video Converter ... #Discount #Voucher #Software https://t.co/96mg3SJUOw https://t.co/WXRQAzA53O,0.128,positive
Samsung granted the most mobile patents in 2012 - http://t.co/Daw6WeNSpl,0.25,positive
"Sponsor for Chelsea From Year to year: Fly Emirates, 2001-2005, Samsung Mobile, 2005-2008, Samsung, 2008-...Present.",0.0,neutral
Watch the entire Samsung Mobile Unpacked event from IFA http://t.co/kZfc5D7I #android,0.0,neutral
You're always ready to move forward when your Samsung Mobile paired w/ Gear S3. #TechieTuesdays #EverythingsHereAtSM https://t.co/YVcBFIq5Jd,0.3612,positive
"Samsung Mobile Phone Price List in India, 2011 http://t.co/RhuFessg",0.0,neutral
"Samsung Mobile Secret Cods

Software V *#9999#

IMEI No *#06#

Serial No *#0001#

Battery&amp;Memory *#9998*246#",-0.5267,negative
"I would happily become the owner of three Samsung mobile phones for you, Samsung Galaxy S3 @Samsung_India #TalkAwayS3",0.5574,positive
Samsung Smart Switch Mobile: How To Transfer Phone https://t.co/5q5dtl4VJ9,0.4019,positive
Latest Samsung mobile phones from Â£9 per month https://t.co/rUpemNn2eL,0.0,neutral
Gobol Samsung Mobile Festive Flat 33%+15% Extra Off - http://t.co/i9mI8jvHVH #BuyOffers #DailyDeals,0.4588,positive
#HappyNewYear from Samsung Mobile! #Welcome2015 http://t.co/YsqvZWTEbX,0.0,neutral
I liked a @YouTube video from @freeradical1981 http://t.co/BGa4ofs Samsung Mobile UNPACKED 2012 AT IFA Berlin F,0.4215,positive
New post: Samsung Mobile and SCVNGR host http://www.androidphonethemes.com/samsung-mobile-and-scvngr-hosting-city-wide-mobile-treasure-hunt/,0.0,neutral
Apple wins Dutch ban on certain Samsung Galaxy devices - A court in the Netherlands ruled some older Samsung mobile ... http://t.co/dOk1xNnX,0.296,positive
#bavfreebie I am going to give a brand new #samsung mobile phone away tomorrow (29th) all you have to do is RETWEET &amp;amp; FOLLOW. #bavfreebie,0.0,neutral
chrome download for samsung mobile https://t.co/FMyKXK5gwf https://t.co/Zb5OHJ8E4d,0.0,neutral
Watch this: Samsung's Mobile Unpacked event at IFA 2012 in all its magical weirdness: Samsung usually puts on a ... http://t.co/ka2byAto,-0.2263,negative
Click here to check out the Samsung Mobile holiday engagement and then visit the Facebook page to 'Like' the brand.  http://t.co/ugXZeB6s,0.6908,positive
#GalaxyS5 isn't afraid of water #Samsung #mobile #android #geek #tech #retweet #ip67 http://t.co/e42xW51sKP,0.0,neutral
"Best of #OTT: Shop for Samsung mobile phones at amazing discounts: https://t.co/Vr7mw9LD7N
#unboxed #refurbed https://t.co/zm32SXoOc9",0.8402,positive
LG Mobile Phone Revenue Drops 15.5% in Q1 2016 From Year Ago https://t.co/RnNvOLMbj3 #samsung #mobile,0.0,neutral
"Whatâs up, Galaxy owners? You can now win #iHeartJingleBall tix by visiting your local Samsung Mobile USA Care... https://t.co/JEL0uPE26g",0.5859,positive
#free south beach diet plan samsung mobile headset online shopping in india,0.0,neutral
Safest of all. #SamsungPay making payments everywhere. Thanks to Samsung Mobile In for this. Leave cards at home now!,0.685,positive
"Get a new #Samsung mobile! Shop @Flipkart #SamsungDays &amp;amp; Get Upto Rs 17,000 Exchange Off + Upto 1.70% Rewards via Us https://t.co/s425Bf5anS https://t.co/mxVnfboRBC",0.5255,positive
I was waiting for this for quite some time thankyou Samsung Mobile IN for bringing #SamsungPay. Keen to try soon Cardless,0.3612,positive
#bavfreebie tonight (mon) I will give away another brand new #samsung mobile phone. Just RETWEET (once is enough) &amp;amp; FOLLOW. #bavfreebie,0.0,neutral
Samsung Mobile Apps India Free Download http://t.co/kSaPGsQubm,0.5106,positive
The Verge: Live from Samsung Mobile Unpacked at IFA 2012 http://t.co/GA6W85VR,0.0,neutral
"181231 Samsung mobile official weibo update 4P 

#SAMSUNG #GalaxyA8s 
#LAY03NAMANANA 
#LayZhangNAMANANA
#producerLayZhang
#LayZhang #à¸­à¸µà¹à¸à¸´à¸ #å¼ èºå´ #Lay #Yixing #ë ì´ #ã¬ã¤ #ãã£ã³ã¤ã¼ã·ã³ #ì¥ì´ì½
@layzhang @lay_studio https://t.co/i1WdHXrBBw",0.0,neutral
capital towers  statueRT @rojusmail: #searching 4 #samsung mobile shops in #trivandrum. Any #help,0.0,neutral
@nfffffdlah why you tweet via samsung mobile?,0.0,neutral
Telus Canada Factory Unlock Service for Samsung Mobile Phones â All IMEI`s Supported â Feelâ¦ https://t.co/qI5MfVqLzS https://t.co/guzpBxdfaQ,0.3182,positive
Plane evacuated after #Samsung mobile phone catches fire. Read our #blog here https://t.co/nsL2uFJgcw https://t.co/3XBGPKAlgA,-0.34,negative
"181231 Samsung mobile official weibo update 4P 

#SAMSUNG #GalaxyA8s 
#LAY03NAMANANA 
#LayZhangNAMANANA
#producerLayZhang
#LayZhang #à¸­à¸µà¹à¸à¸´à¸ #å¼ èºå´ #Lay #Yixing #ë ì´ #ã¬ã¤ #ãã£ã³ã¤ã¼ã·ã³ #ì¥ì´ì½
@layzhang @lay_studio https://t.co/i1WdHXrBBw",0.0,neutral
Samsung Mobile Project Teamwork | ESPN http://t.co/CxartOsi via @samsungmobile,0.0,neutral
"More From Samsung MobileÂ 
Explore Samsungâs latest TV innovation, âThe Wallâ â a 146-inch modular microLED TV, offering an outstand",0.3818,positive
"Get Rs. 5000 Exchange Offer on Samsung Mobile. Hurry Up!!.......https://t.co/fYhQLDbkDM
#SamsungonFlipkart #samsung #Flipkart https://t.co/hUrgRoKz9v",0.0,neutral
"A brand new Tempered Glass for Samsung Galaxy Note 5 (Clear Series).
#samsung #mobile #cell #phone #parts #replacements https://t.co/B08Y9TpDai",0.0,neutral
"Now Hiring: District Market Manager (Samsung Mobile) in Birmingham, AL http://t.co/Oq4y553Urr #thenxtBIGjobAL",0.0,neutral
"#OneIndiaOneGST ð  Samsung Mobile Fest on Amazon India: Galaxy C7 Pro at Rs 25,990, discount on Gear S3 and more... https://t.co/W11Y1deWf7",0.1779,positive
I added a video to a @YouTube playlist https://t.co/uf67dDS6gM Samsung Mobiles | All Time 10 Commercials Of Samsung Mobile S7 Edge |,0.0,neutral
Sunset One Minute Ago  ;-) Samsung Mobile S6  #europe #zeeland #samsung #sunset http://t.co/JsNDFQ7AY1,0.25,positive
Google and Samsung Mobile Team Up With Charity SCVNGR Hunt in Kansas City - #Blogs http://bit.ly/jm2YP5 http://tumblr.com/xyo2kq3904,0.4215,positive
How To Flash Any Samsung Mobile Urdu/Hindi Tutorial: https://t.co/xeFwyEmZ8N via @YouTube,0.0,neutral
#Samsung looks to a ânew frontierâ of mobile intelligence https://t.co/yaFPqNqaNE #DataScience #MachineLearning #DeepLearning #NLP #Robots #AI #IoT #BigData,0.4767,positive
"Once you buy any Samsung Mobile device or accessory, you'll get a Shoprite Voucher worth N10,000 #SamsungHolidayTreats .",0.2263,positive
Information of Authorized Samsung Mobile Service Center: Authorized Samsung Service Center List in Surat https://t.co/MzjD65wtzO,0.0,neutral
http://t.co/oOjqN1rp Do you know where to find Samsung mobile device charging stations  we have a contact that is looking for them....,0.0,neutral
Samsung mobile tablet desktop dock $39.00 #tablet #computers  http://t.co/takL7w29wu,0.0,neutral
"Retweeted Samsung Mobile (@SamsungMobile):

Have you followed @Shelley__Watt's inspiring story? Take a look at... https://t.co/kU4tuuqdmu",0.4215,positive
#GalaxyGolden3 #DongjinKoh âÂ Samsung Mobile Business Has a New Boss :Â According to a report put forwardâ¦ https://t.co/p3eQwAPug0 #Samsung,0.0,neutral
"Dallas Best Pay: Director of Channel Marketing, Emerging Business at Samsung Mobile (Dallas, TX)  http://t.co/1tHOTp4rYz",0.5859,positive
How LinkedIn Followers Boost the @SamsungMobile Brand [INFOGRAPHIC]  http://t.co/RZd9Kddoxb via @AdsOnLinkedIn  @Olivier_Asia,0.4019,positive
Best Price Samsung Mobile PATA Spinpoint M5P 160 GB PATA 8 MB Cache 2.5-Inch Internal Bareâ¦ http://t.co/QCWwzBdk,0.6369,positive
Plane evacuated after #Samsung mobile phone catches fire. Read our #blog here https://t.co/nsL2uFJgcw https://t.co/7ruT7jVSzR,-0.34,negative
"Retweeted Samsung Mobile (@SamsungMobile):

Discover #Samsung's innovation story, unpacked, one box at a time.... https://t.co/WNYPM4uPme",0.3818,positive
Samsung Mobile Unpacked Video Teases Galaxy Note II - In just over 2 weeks from... http://t.co/Qyed8bz5 #Events #Other #Trailers,-0.296,negative
"Samsung Mobile most attractive brand in India, Reliance Jio ranks 4th: Report https://t.co/6M04xntH4f via @economictimes",0.4927,positive
samsung mobiles below 10000: Samsung Mobiles Below 10000 in India â List of Samsung mobile phones priced below R... http://t.co/P3P5LPDk,0.0,neutral
"My phone is comltely dead...not working at all, any idea where is the #samsung mobile service center in gurgaon...thanks",0.0,neutral
#cellular #deals https://t.co/6A1fkHrYmr Car Air Vent Mount Cradle Holder Stand for iPhone Samsung Mobile Phone Ceâ¦ https://t.co/LYrr2vj1uY,0.0,neutral
Samsung Mobile | Samsung Mobile Unpacked 2011 Special Episode 2/3 http://dlvr.it/Sm1nd,0.4019,positive
"Marvel's Avengers: Age of ... - https://t.co/KtrAzUvdux
#iphone #iphone6s #iphone6 #iphoneSE #iPhone6c #iphone7 https://t.co/W2qD3p1xTB",0.0,neutral
Samsung plays up Galaxy Note 7's iris scanner - CNET: The company's mobile chief touts irisâ¦ https://t.co/TKdjhlKOdL,0.2263,positive
"Whatâs up, Galaxy owners? You can now win #iHeartJingleBall tix by visiting your local Samsung Mobile USA Care... https://t.co/518DcYOFF4",0.5859,positive
Its Holiday season happy people! Buy a Samsung Mobile device worth 10k for your loved one&amp; get a free SHoprite Voucher #SamsungHolidayTreats,0.9412,positive
Lock screen security issues for both iPhone and Samsung (mobile-phones): Share With Friends:  |  | Products - ... http://t.co/KEBhtaCf9k,0.7717,positive
"#Jobs Sr Systems Engineer CDMA Design at Samsung Mobile (Dallas, TX) http://t.co/4C8KhoXS #Dallas #TX",0.0,neutral
"Samsung Mobile US: Thereâs barely room to sleep in your studio apartment, letâ¦ https://t.co/koMYzYiaVE #BrandsIUse https://t.co/3LFkd7RfWV",0.0,neutral
"[TRANS] ""2NE1 Greeting to Black Jacks and Samfan in Vietnam"" 
Via : Samsung Mobile Vietnam 
https://t.co/PdN7NbHNTO",0.3818,positive
"Samsung Galaxy Note 9 may launch with Bixby 2.0, according to Samsung mobile chief https://t.co/CTFZ629cHI",0.0,neutral
@Uppolice bought a Samsung mobile in meerut and insured it there thru #appsdaily. Hv submitted the phn to them for claim but no response 1/2 https://t.co/jVchKDRre4,-0.4215,negative
@SamsungMobileIN Samsung Galaxy S6 edge was the world's fastest phone with dual edge display with seamless amalgamation of glass and metal #GalaxyRemagined #DoWhatYouCant  Samsung Mobile India SAMSUNG MOBILE â @NANDYRICHIK7 @samirsen @samir @Debooz  @ri,0.0,neutral
The RnB crooner is grateful and thankful to God as he has renewed his ambassadorship contract with Samsung mobile... https://t.co/FvHoRLHOPc,0.8316,positive
#HappyNewYear from Samsung Mobile! #Welcome2015 http://t.co/YsqvZWTEbX,0.0,neutral
"#whitestonedomeglass welcomes off-line business partners all over the world!!
For details: https://t.co/5IMjgGaOxH  
#Amazon storefront: https://t.co/EHgnxDErXX  
We are the member of SMAPP(Samsung Mobile Accessory Partnership Program)
with LOCA tech!! #Applewatch4 #GalaxyNote9 https://t.co/AVYu1nLGRe",0.5951,positive
Relive the pictorial highlights of the Samsung Mobile #UNPACKED at the Tempdrom in Berlin as IFA gets underway! http://t.co/V5uUtx0O,0.0,neutral
"Secure. I was waiting for this for quite some time, thank you Samsung Mobile IN for bringing #SamsungPay. Keen to try soon!",0.7879,positive
#bavfreebie tomorrow @MahmoodAnsari will pick a follower to get a brand new Samsung mobile phone. Just retweet &amp;amp; follow.,0.0,neutral
"Once you buy any Samsung Mobile device or accessory, you'll get a Shoprite Voucher worth N10,000 SamsungHolidayTreats.",0.2263,positive
Samsung mobile CEO: Our foldable phone won't be just a gimmick - CNET https://t.co/jxPFyNEb0E,0.0,neutral
Vuln: Samsung Mobile Phones Information Disclosure and Denial of Service Vulnerabilities https://t.co/lKHWMLJPJR,-0.1531,negative
"Samsung Galaxy S3,new samsung mobile for samsung user. http://t.co/ReSRrypJ",0.0,neutral
WSLive: Samsung wins patent case against Apple in Japan: A Tokyo court ruled today that Samsung mobile devices d... http://t.co/ZXI897XC,0.5719,positive
"@UzmaRajput4 Really, more of an advertisement of Samsung mobile and designer dress... ð",0.0,neutral
Top 50 Branded Facebook Fan Pages â August 2012 â Samsung Mobile Continues Climb http://t.co/MIYZrguv via @ignitesma,0.4767,positive
SAVE money on ur phone bill! Check out the @BestBuy BlogHer #GalaxyNote7 Mobile Project #ad https://t.co/wmib3URY1o https://t.co/ArVTeUMlHe,0.6399,positive
correlate Samsung mobile Phones and Lg mobile Phones - The Way to pick the Right Phone http://t.co/wGdNrAAx,0.0,neutral
Pre-order &amp;amp; get R500 towards any qualifying Samsung original accessory plus a 6-month Samsung Mobile Care service plan. Ts &amp;amp;Cs apply. https://t.co/7PjXq1ictV,0.6705,positive
Facial recognition still not secure- as sh https://t.co/hw0LH1jO1p own by the appearance of feature on Galaxy 8 #samsung #mobile #security,-0.2584,negative
Found my very old samsung mobile #retro almost. http://t.co/P4T5YdLQgQ,0.0,neutral
#Qualcomm talks about RF complexity driving platform integration #Samsung Mobile Solutions Forum 2016 https://t.co/2pdICSMNSJ,0.1779,positive
"Samsung mobile head DJ Koh says by 2020, there will be 21B connected devices. #SDC2016",0.0,neutral
D-Square Tech: #LetsTalkShop :Asim Warsi Talks Samsung Mobile India: Samsung has been leading the smartphone a... http://t.co/Jo9f1j1RDX,0.0,neutral
Will Apple Lag Or Leapfrog Samsung With Cell-Capable Watch? https://t.co/Wc4Rcd3gsO #samsung #mobile,-0.34,negative
"$IBM : Harte-Hanks &amp; Samsung Mobile to Share &quot;The 7 Critical Steps to Successful Social Support&quot;
Exper http://bit.ly/mRp5FB",0.5719,positive
"I'm at Samsung Mobile Travel Center (DFW Airport, TX) http://t.co/9o8akeoj",0.0,neutral
SAMSUNG Mobile MTP Device Driver 2.9.310.1125: The package provides the installation files for SAMSUNG Mobile MT... http://t.co/jw2gtPz1,0.0,neutral
"Samsung is hiring! #Social #Media Community Coordinator - Samsung Mobile (255236) in #NewYork, apply now! #jobs https://t.co/AKnIwGVAjk",0.0,neutral
Samsung Mobile TV Commercial - Its Time To Get An Upgrade From The iPhone 6 When Its Running Slow - Upgrade To The New Samsung Galaxy S9 &amp;amp; S9+ Today - https://t.co/yslTFhbTer https://t.co/cbF2CedIkL,0.0,neutral
Samsung Mobile Has âExtremely Aggressive Plansâ For India https://t.co/h9pI7dwoFz https://t.co/n1SHHdt4Sj,-0.1531,negative
"Sun Corp in talks to sell stake in Israel's Cellebrite -report | 

FILE PHOTO: A Cellebrite forensic device extracts data from a Samsung mobile phone during a demonstration at a training centre in... | https://t.co/5GT3oJexWk",0.1027,positive
SHAME ON Samsung Mobile =( https://t.co/G9CQsqYveu,-0.5904,negative
AllThingsDigital: Samsung Mobile Scraps May 24 Launch Event in New York [Mobilized] http://bit.ly/jhOVEw,0.0,neutral
"Samsung mobile chief says iris-scanning is safest
#securitytechnology #irisscanning #GalaxyNote7 #Samsungmobile
https://t.co/qSN6OzxyF5",0.4019,positive
Latest Samsung mobile phones from Â£9 per month https://t.co/rUpemNn2eL,0.0,neutral
ââ¥ Selfie Stick Monopod Camera Holder Button Cable For iPhone 5 6 #Samsung Mobile https://t.co/Y1cCMhmETj https://t.co/CvOHRwrYX2,0.0,neutral
"#bavfreebie Free brand new Samsung mobile phone will be given away (tues) 
JUST RT &amp;amp; FOLLOW",0.5106,positive
#Mobile #JKShin â Samsung Mobile Business Has a New Boss â Samsung Mobileâ¦ https://t.co/zrRXyFKmQk #Samsung https://t.co/OZ9e3QOf1S,0.0,neutral
"@shraysn im more adept in using my other samsung mobile, the one that im using right now. :) the yellow one, just for work related calls.",0.4588,positive
"Retweeted Samsung Mobile India (@SamsungMobileIN):

#GalaxyJ2Pro TST loads apps up to 40% faster, giving an... https://t.co/9sR1ACqZje",0.34,positive
Samsung Mobile US: What's your favorite thing about your *new* #GalaxyNote7?:â¦ https://t.co/J7rczZ60Of #BrandsIUse https://t.co/4uznUhbEhH,0.4588,positive
Samsung Mobile Phones- As Per Your Needs And Convenience http://t.co/pXGF0iw,0.0,neutral
Samsung mobile technology powers first live VR interviews with Team GB Olympians  #samsung,0.0,neutral
"Using your Samsung mobile phone you can enjoy immersive 360 experiences, realistic VR games and Cinematic showcases.

Perfect condition. No longer needed as have PSVR.",0.6908,positive
"@SamsungMobileIN Samsung Mobile India
#A5 Here is my entry with perfect Screenshot
#GalaxyNote8
#HaveItAll
#FeatureName- #Display 
#DoBiggerThings https://t.co/kTe5kl2DID",0.5719,positive
"#whitestonedomeglass welcomes off-line business partners all over the world!!
For details: https://t.co/5IMjgGaOxH  
#Amazon storefront: https://t.co/EHgnxDErXX  
We are the member of SMAPP(Samsung Mobile Accessory Partnership Program)
with LOCA tech!! #Applewatch4 #GalaxyNote9 https://t.co/evhr2xlT7C",0.5951,positive
Bad News for Apple and Samsung: Mobile Phone Upgrade Cycles Are Slowing â MotleyÂ Fool https://t.co/LWGYualDw2,-0.7506,negative
RT @bavmajithia: Tonight a free Samsung mobile phone will be given away. Just retweet &amp; follow. #bavfreebie x #bavfreebie.,0.5106,positive
@Telstra Why does my Ethernet ping fluctuate from 20ms-3500ms when my dads Samsung mobile is connected to the wi-fi on our dual link router?,0.0,neutral
Maria Sharapova @ Fan meet and greet at Samsung Mobile gallery in Moscowâ¦ â... #celebshoots http://t.co/pOaViuthi2,0.5574,positive
Samsung Mobile Fest! Starting tonight 00:00 hrs on #Flipkart https://t.co/FWfrf5nc6C https://t.co/aYRS5x2t1P,0.0,neutral
#bavfreebie tomorrow @MahmoodAnsari will pick a follower to get a brand new Samsung mobile phone. Just retweet &amp;amp; follow.,0.0,neutral
U don't even have ur signature on a akame last chalewetey and his is on a whole samsung mobile fon so why wont u ... http://t.co/rfKvIozI,0.0,neutral
Evaluate And Market Samsung Mobile phone Online https://t.co/lLN2wOPqf4,0.0,neutral
@nishushah07 @AleeshaGupta we had submitted our email ids by ourselves on DM! remember the email id Samsung.mobile.India@gmail.com,0.0,neutral
Samsung Mobileâs Exploding Scandal in Numbers (Infographic) https://t.co/5ofR5Czaoa,-0.4404,negative
RT @bavmajithia: Tonight a free Samsung mobile phone will be given away. Just retweet &amp; follow. #bavfreebie x #bavfreebie,0.5106,positive
"Got a Broken Samsung A5 LCD Screen ?  Don't Panic, We will Fix your Samsung A520F LCD in a Quick Time at a very affordable price in our Store - &quot;Mobile Links&quot; 
No Fix No Fee , Phone - 02036898083
More Info - https://t.co/Jv7toHwADN https://t.co/J5XtWjsHXk",-0.5856,negative
"https://t.co/OLAhHuEstz

Have your favorite books with you at all... - Samsung Mobile ... https://t.co/JeuPZGwLzX",0.4588,positive
"181231 Samsung mobile official weibo update 4P 

#SAMSUNG #GalaxyA8s 
#LAY03NAMANANA 
#LayZhangNAMANANA
#producerLayZhang
#LayZhang #à¸­à¸µà¹à¸à¸´à¸ #å¼ èºå´ #Lay #Yixing #ë ì´ #ã¬ã¤ #ãã£ã³ã¤ã¼ã·ã³ #ì¥ì´ì½
@layzhang @lay_studio https://t.co/i1WdHXrBBw",0.0,neutral
Samsung Mobile CEO: Note 7 'Was Like Heaven to Hell' https://t.co/Miqnywe5PO https://t.co/HSoC2M3bkw,0.0516,positive
RT @MaryyPotter: Who has Samsung mobile here? Ako!!!,0.0,neutral
"SK Smart-Store. Samsung Smart Cafe #2. Orange Block, My Home Rainbow Apartment, Shaikpet Road, Hyderabad, India, Mobile: 8886632015 Tel: 04023564035 :
Email: info@sksmartstores.com, Web:-https://t.co/xlmEzjHnKu
Buy any latest Samsung mobile online, Galaxy S9 Plus,Galaxy S8 Plus https://t.co/Phk7USuuj4",-0.0516,negative
"Whatâs up, Galaxy owners? You can now win #iHeartJingleBall tix by visiting your local Samsung Mobile USA Care... https://t.co/4nxiYct2jw",0.5859,positive
"#whitestonedomeglass welcomes off-line business partners all over the world!!
For details: https://t.co/5IMjgGaOxH  
#Amazon storefront: https://t.co/EHgnxDErXX  
We are the member of SMAPP(Samsung Mobile Accessory Partnership Program)
with LOCA tech!! #Applewatch4 #GalaxyNote9 https://t.co/IiNxWh9Sj3",0.5951,positive
Samsung Bada 723 hands on | Samsung Mobile Phones Review | Samsung ... http://bit.ly/kLSC03,0.0,neutral
Charging this phone! @ Samsung Mobile Hotspot At E30 http://gowal.la/c/4eBBT,0.0,neutral
"Retweeted Samsung Mobile US (@SamsungMobileUS):

Grow up with an upgrade to Galaxy. https://t.co/UVejVyEkXL https://t.co/9FpG6Z75YO",0.0,neutral
#bavfreebie will happen again tomorrow giving away another brand new #Samsung mobile phone. Can't hurt just to Retweet &amp;amp; Follow. :-),0.7562,positive
Just got to play with thre #galaxys2 its very cool #samsung #mobile #smartphones,0.6115,positive
Samsung Galaxy S4 Â£549.99 with FREE Delivery http://t.co/etdcRCjakx #Samsung #Mobile #Deal,0.6166,positive
Samsung combining technology &amp; nature. samsung galaxy s3 full live stream samsung mobile unpacked 2012: http://t.co/qTuG5bBh via @youtube,0.0,neutral
5 Reasons You Should Buy Samsung Mobile Gear at Best Buy This Fatherâs Day https://t.co/xM2wfH79nU https://t.co/VpToghyvP9,0.6369,positive
Samsung Announces The Galaxy Note 2! : Today at Samsung Mobile Unpack http://t.co/SsBVR24v,0.0,neutral
"#Samsung Mobile US
I'm very up set the galaxy s7 active wasn't includedoing in the expand your Galaxy  for free. It's cost the same as edge7",0.8074,positive
Nvidia wins a round in move to block Samsung #mobiledevices in patent dispute http://t.co/nsaxdxRJhZ @GamesBeat @VentureBeat,-0.2263,negative
All Things Digital: Samsung Mobile Scraps May 24 Launch Event in New York [Mobilized] http://bit.ly/jhOVEw,0.0,neutral
Samsung's shiny new OLED display factory opens for business: Samsung Mobile Display announced today that its lon... http://bit.ly/ihTUi6,0.0,neutral
At Samsung Mobile Plaza â https://t.co/zsPICB5cck,0.0,neutral
Boxbot is ready for his closeup. #GALAXYKZoom by @pinot (Vine by Samsung Mobile) https://t.co/i7yT4F3E2K,0.3612,positive
"RT: We're hands on with the Samsung Mobile Note 7, live on Facebook: https://t.co/dKMoBj0N5e https://t.co/yAgK6Bvvwq",0.0,neutral
"#replacesamsung-Samsung mobile , TV and freezer not anymore- its LG and Apple here I come",0.0,neutral
"Once you buy any Samsung Mobile device or accessory, you'll get a Shoprite Voucher worth N10,000 SamsungHolidayTreats",0.2263,positive
"Samsung Mobile, Etisalat &amp; Union Bank Launch New Flexible Payment Plans for Etisalat-Samsun... http://t.co/Tj7WaESzJE | Via @waduponline",0.2263,positive
Scholastic just shared a video on Samsung Mobile App Academies and teachers resources available. http://t.co/YVsMQfF1Dh,0.34,positive
#bavfreebie I am going to give a brand new #samsung mobile phone away tomorrow (29th) all you have to do is RETWEET &amp;amp; FOLLOW. #bavfreebie,0.0,neutral
"SAMSUNG MOBILE A7 PROBLEM

Dear Friend,
I have purchased A7 Samsung mobile phone dated 13 may 2016. display problem",-0.0857,negative
Finally \=D/ (@ Samsung Mobile-Grand Asia Cellular ( Plaza Millenium )) http://t.co/QrXIB4J64a,0.0,neutral
@SamsungMobileUS screens are the half the price of samsung mobile total cost.,0.0,neutral
It's a  Samsung Mobile USA thing. https://t.co/tng5jTnDQH,0.0,neutral
#vyper weight loss samsung mobile for online shopping,-0.3182,negative
"@antoeggberg @talk2globe er, I don't work for Samsung, nor do I use a Samsung mobile phone.",0.0,neutral
Platinum Car Charger for Samsung Mobile Feature Cell Phones A630 A850 A950 A970 | eBay http://t.co/M1g7ZkGuKu #best #ebay #dailydeals,0.0,neutral
@SamsungMobile needful.and let me know how to replace the same with your Samsung mobile center. Revert with positive solutions. Regard by,0.6486,positive
How to Turn Off or Adjust #GalaxyS5 Button Lights : http://t.co/SHxSz4Fq1s #samsung #mobile #android #tips #geek http://t.co/HWSYR6Ew2n,0.0,neutral
The best RT @Daa_Asihene: Kitkat 4.4.2 already rolling in. Thank you Samsung Mobile,0.7717,positive
"Samsung Mobile South Africa Presents - Wonderland Festival AFRICA u18.
1st April 2017 - 8000 people , 2 stages... https://t.co/guU1OHGxbY",0.4939,positive
"Samsung Mobile: Cool Phone
URL: http://t.co/IfYTCXDU",0.3182,positive
Android Secret CODE for Samsung mobile ! You must try it https://t.co/nMhmScAJrJ via @YouTube,0.0,neutral
Samsung Mobile Phones | Samsung Series 6500 PN50C6500TF: A Well-Connected Basic Plasma http://goo.gl/cFu3D,0.0,neutral
Tonight a free Samsung mobile phone will be given away. Just retweet &amp;amp; follow. #bavfreebie,0.5106,positive
Samsung Mobile Phones- Beauty and brain comes together to bring a masterpiece https://t.co/DinYqh5Wi3,0.836,positive
follow @Samsung_ID &amp;amp; like FB Samsung Mobile Indonesia ya!,0.4199,positive
Information of Authorized Samsung Mobile Service Center: List of The Samsung Service Center in Chennai https://t.co/CAfaTkDxmZ,0.0,neutral
Samsung Kies 2.6.0.13064.14 allows you to easily manage the files in your Samsung mobile phone. http://t.co/jYdiv36ynv,0.34,positive
"Vodafonica Pain; LTE Jam; US ""Peak Text"" passed?; Samsung mobile eclipses Google - Telco 2.0 News Review: Strate... http://t.co/3C6nkQ0d",-0.5106,negative
@mm250_prabhu I understand that you're looking forward to purchasing a Samsung mobile. You can view the list of mobiles we have on our website under this brand here:https://t.co/0jtkWesSLo. ^EM,0.0,neutral
"@ZEECorporate  A4) Mobiles- Samsung
Mobile Services- Vodafone
Cold Beverages- Coca-Cola
Water Purifiers- Eureka Forbes

#ZEEMindspace #GOB",0.0,neutral
73 Yorkview: Cedar railing: Sent from Samsung Mobile http://t.co/Yi5hmNNr0F,0.0,neutral
Samsung Mobile | Samsung Win Against Honeywell In Patent Infringement Case Confirmed http://goo.gl/hs6IW,0.1779,positive
"Unlock Samsung Gravity and Samsung mobile phones, the elderly free http://t.co/y8DwVKeG",0.5106,positive
"@TodaysCloseout 
Hi 
    This is Lalit kumar from india I am a mobile phones wholesaler I have a very big market in India I am regularly deal in Apple or Samsung mobile phone so if you want increase your business in India then contact me soon.

Thank you",0.6557,positive
Free Download SAMSUNG Mobile USB Modem Drivers Latest Version 2017: https://t.co/fsagqWgCiQ via @YouTube,0.5106,positive
@SamsungMobileUS i have a samsung mobile SGH.J700,0.0,neutral
Samsung Mobile US: Bixbyâs there for you when that âwish I was still on vacationâ feeling hits. https://t.co/GmBuyB8oGn â¦ https://t.co/dRf81dsdja,0.128,positive
#Samsung #News Samsung offers chance to win sedan car: Samsung Mobile Bangladesh has re... https://t.co/3mQIvykS1Q https://t.co/hPSsP3ovxV,0.7003,positive
Samsung Mobile Phones- Beauty and brain comes together to bring a masterpiece https://t.co/IzfzB67xjX,0.836,positive
#samsungâs Mobile Fest sale kicks off on Amazon India https://t.co/dYaLmcEZVY https://t.co/AwSrRiHvDi,0.1779,positive
Samsung Mobile Phones: Feel The Difference http://t.co/fZrfj4H2,0.0,neutral
@asarekingsley21 Cul bro. Samsung mobile?,0.0,neutral
"No, just no. Hologram phone please. #Samsung @Samsung #mobile #hologram https://t.co/BDHRYHJTaS via @nzherald",-0.2732,negative
"Yes, supermodels, but also Samsung Mobile Display&#8217;s next-generation video screens, debuting next week at the Co - http://bit.ly/f4ktMP",0.2144,positive
Two different thoughts of Samsung this year...Coming two latest smartphone. http://t.co/1s2XwVu0eq,0.0,neutral
Samsung Mobile Mother's Day TVC AdsofBD YouTube: https://t.co/B9DN3xFLnX via @YouTube,0.0,neutral
RT @tweetmeme  Looking for Cell Phone Batteries for Samsung Mobile? http://bit.ly/f3ovCM,0.0,neutral
Sunset One Minute Ago  ;-) Samsung Mobile S6  #europe #zeeland #samsung #sunset http://t.co/JsNDFQ7AY1,0.25,positive
"Companies that run ads on the Roseanne show:

âMicrosoft
âPizza Hut
âOreo
âNIVEA USA
âindelight
âboostmobile
âExpedia
âTrueCar
ârealtordotcom
âhotelsdotcom
âpepsi
âCocaCola
âAshley Home Store
âSUBWAY
âMetro PCS
âverizon
âSamsung Mobile
âOutback

#BoycottRoseanne",0.0,neutral
"New R&amp;D leader for Samsung Mobile #InjongRhee 
Samsung shows off a new attitude at https://t.co/L8Bqij7Y2g by @thesullivan @fastcompany",0.0,neutral
Samsung Mobile US: ð­ https://t.co/VgnEOAhUWn: @SamsungMobileUS https://t.co/N1R9suOi3Pâ¦ --- Twitterâ¦ https://t.co/mYOjXZb8jm #BrandsIUse https://t.co/TJyyVhMhsQ,0.0,neutral
#bavfreebie I am going to give a brand new #samsung mobile phone away tomorrow (29th) all you have to do is RETWEET &amp;amp; FOLLOW. #bavfreebie,0.0,neutral
FREEBIE Got 10 of these #Samsung mobile phones to give away all next week... You better get retweeting and keep your eyes open. #bavfreebie,0.7531,positive
"All New Samsung Mobile Phones Prices in #Singapore
https://t.co/MF4I1RRN2H
#Samsung #SamsungGalaxy #Smartphones #Prices #Specs #ReleaseDate https://t.co/ASUEGg25er",0.0,neutral
#bavfreebie I am going to give a brand new #samsung mobile phone away tomorrow (29th) all you have to do is RETWEET &amp;amp; FOLLOW. #bavfreebie,0.0,neutral
"#Samsung, a well-known brand in the mobile market that has launched different premium phones with amazing features. https://t.co/PiYkvuFnhQ",0.6486,positive
"Intern - Engineering at Samsung Mobile (Dallas, TX): Intern - Engineering Position Information Company Samsung... http://t.co/2fFHWEBDrD",0.0,neutral
"RT @SmartKeitai Samsung Mobile Unpacked IFA 2012 Full Replay Video Posted on YouTube; Watch Galaxy Note II, Gala... http://t.co/AcHx9om4",0.0,neutral
Samsung Mobile Price List http://t.co/WmiF0SqRvV,0.0,neutral
"CVE-2016-9967 (samsung_mobile)
https://t.co/JMag6jiIdO
Lack of appropriate exception handling in some receivers of the Telecom application o",-0.3182,negative
"@slashy Unfortunately, we can't currently answer your questions. You may want to reach out to Samsung Mobile: https://t.co/K5k59CPKgo",-0.25,negative
"Samsung Mobile India: Samsung #GalaxyJ7J5Prime are available at a price of INR 18,790 (J7Prime) andâ¦ https://t.co/N8P631g6VO #BrandsIUse https://t.co/ixs7EUhEXv",0.0,neutral
"#Samsung Mobile CEO: Note 7 'Was Like Heaven to Hell': In an interview with PCMag, Samsungâ¦ https://t.co/cOoowBqqHC",0.7003,positive
@phoneradarblog @SamsungMobileIN What is the specifications of this Samsung mobile phone,0.0,neutral
The @IAB #RisingStars are now live in India! @MediaMind Introduces Slider Ad Format in India w/ Samsung Mobile http://t.co/KaoMh59K,0.0,neutral
the Samsung #GALAXYNoteII http://t.co/dWu2EUHl -- Samsung Mobile (@SamsungMobile),0.0,neutral
@biwot I see you tweeting from samsung mobile! So Soon to go to Manchester typing on a galaxy Esq.!?,0.0,neutral
"Samsung Mobile, Etisalat &amp; Union Bank Launch New Flexible Payment Plans for Etisalat-Samsu... http://t.co/n7ECRUFpLe || Via @waduponline",0.2263,positive
"U left us out of ur etisalat money, dnt leave us out of dis o @BankyW: Sasha n I are the official brand ambassadors for Samsung Mobile...",-0.0516,negative
"Samsung, Mobile Device Market Drive #Linux, Open Source Hiring http://t.co/t6Hz3QQ07N via @thevarguy",0.0,neutral
Check the Most Popular Smartphones in India https://t.co/vQbVj0sTUm  #samsung #Mobile #android #redmi #google #apple,0.4754,positive
Buzz by career free from dlvr.it: Samsung Mobile | Samsung Win Against Honeywell In Patent Infringement Case Con... http://bit.ly/k3rQnY,0.6124,positive
"Samsung Cell Phone: Samsung Nexus S, Samsung Nexus S Deals, Samsung Mobile Phones, Samsung Cellphone Deals: Sams... http://t.co/Hc0iSKvC",0.0,neutral
Samsung Mobile CEO: Note 7 'Was Like Heaven to Hell' https://t.co/UZjHvCOPpB,0.0516,positive
@nitoTV one big advantage of iOS. Have you ever tried getting a photo or video from a 2012 Samsung mobile onto a 2012 SamsungTV? #sucks,0.25,positive
"if you happen to know anyone in Samsung Mobile UK, please let us know, BIG thanks! It's related to testing our games on new S devices.",0.6696,positive
"@Samsung_India I would Build a Website for Samsung Mobile just for you, Samsung Galaxy S3 #TalkAwayS3",0.0,neutral
"#1TBChallenge
Welcome to the official Twitter for Samsung Mobile India.

@Gurgaonescorts6  https://t.co/JIMh6TvJyG",0.4588,positive
"Retweeted Samsung Mobile (@SamsungMobile):

Introducing the Samsung #GearS3. https://t.co/sHg62TBOV6... https://t.co/d0A7GghqpV",0.0,neutral
"Samsung Galaxy S8 news: Samsung plans to focus on Edge design, reportedly to eliminate flat ... https://t.co/eStmPZsBu5 #samsung #mobile",0.0,neutral
Samsung Mobile Sales Reaches A New High In 2011: Â Samsung shipped the most number of smartphones ... http://t.co/qVvaCAAq #Tech #Android,0.2006,positive
"@DropboxSupport Can you tell me why there is a Â£10 a year &amp;amp; Â£1 a month  difference between Samsung Mobile &amp;amp; Apple accounts on Dropbox App to upgrade to 1 TB ( 1,000GB ) surely the prices should be the same",0.4404,positive
"Samsung Mobile Festival Starts Nov 6 to 8

Galaxy On Max: Rs 14,990/- Only

Galaxy On 5: Rs 6490/- Only

Galaxy... https://t.co/NNUxlS2PJG",0.4939,positive
Play #GoBalloonies for a chance to win a Samsung mobile! http://t.co/E6ba8Ggh0J,0.8172,positive
Stay in touch with samsung mobile phones: http://latestsamsungmobilephones.com/stay-in-touch-with-samsung-mobile-phones-2.html -,0.0,neutral
Notice written inside a Samsung Mobile store for Gujjus..&quot;Please note that Samsung Galaxy &quot;Ace&quot; &amp;amp; Samsung galaxy &quot;S&quot; are 2 different phones&quot;,0.0,neutral
"Its Payback Time !
Samsung Mobile :|
Just wait and watch the next things for you to Copy !!!!! -_- http://t.co/38UV7MQxoY",-0.3753,negative
"@SamsungMobileIN Fantastic ððð
ðI am excited to participate in.ð #MoreThanJustSpeed #GalaxyS8BurgundyRed 
ððAnd also proud to be Samsung mobile user of more than 10 years.ð ð  
ð I LOVE YOU SAMSUNG ðð",0.9329,positive
"#OneIndiaOneGST ð  Samsung Mobile Fest on Amazon India: Galaxy C7 Pro at Rs 25,990, discount on Gear S3 and more... https://t.co/l2EXWsPSxn",0.1779,positive
"181231 Samsung mobile official weibo update 4P 

#SAMSUNG #GalaxyA8s 
#LAY03NAMANANA 
#LayZhangNAMANANA
#producerLayZhang
#LayZhang #à¸­à¸µà¹à¸à¸´à¸ #å¼ èºå´ #Lay #Yixing #ë ì´ #ã¬ã¤ #ãã£ã³ã¤ã¼ã·ã³ #ì¥ì´ì½
@layzhang @lay_studio https://t.co/i1WdHXrBBw",0.0,neutral
Samsung Mobile Q1 2016 Results â Profits Are Up 42% YoY https://t.co/RD7SIK2qSF #Android #Google https://t.co/Fn2M0HcbPh,0.4404,positive
Do More on the Go with the GALAXY Tabâ¢ | Samsung Mobile Phones Article http://t.co/sj2Tcznngm,0.0,neutral
"@SamsungMobileIN Samsung Mobile India
Here is my screenshot dear team 
#A2 #Security
#GalaxyNote8
#HaveItAll
#DoBiggerThings https://t.co/8q32MPgJzW",0.3818,positive
"I'm at Samsung Mobile (2/F, Cyberzone, The Northwing, SM City Cebu, North Reclamation Area, Cebu City) http://t.co/aQL9svZo",0.0,neutral
"Disgusting #Samsung Mobile Service Centre - they tampered with my smart phone, screwed the mother board and wanted 12k for repair.",-0.5994,negative
"#cellular #deals http://t.co/QzlhB7tBVV Waterproof Bag Case Cover for Samsung Mobile Phone Touch Sensitive

$5.... http://t.co/x921aQgAAk",0.0,neutral
Americans Spend Almost 3 Hours A Day On Their Phones And Tablets - And Other Scary Stats... http://t.co/vHwbWoWIwe http://t.co/p8fTkbeMn8,-0.4939,negative
"@ZEECorporate A4)
Mobiles- Samsung
Mobile Service- Vodafone 
Cold Beverages- Coca-Cola
Water Purifiers- Philips  
#ZEEMindspace #GOB",0.0,neutral
"Samsung Mobile Slips, But Not Too Much, In Q1 2011 Â» Android ... http://bit.ly/jMMiEh",0.0,neutral
Samsung Mobile: Choose from wide range  Latest Samsung Mobile phones Online A... https://t.co/MIYct9ufhl via @,0.0,neutral
"Samsung Mobile Unpacked 2012: Galaxy Note II, Galaxy Camera, Windows 8-powered ATIVs http://t.co/1xHDSomO",0.0,neutral
Do you REALLY own your #Samsung mobile? I do now! I just #unlocked my #mobile @SimlockServer Do yours too @ http://t.co/ruOOXOfpek,0.0,neutral
"Whatâs up, Galaxy owners? You can now win #iHeartJingleBall tix by visiting your local Samsung Mobile USA Care... https://t.co/a48rTPvscj",0.5859,positive
Want to be the next Samsung Mobile 'Fan of the Month'? Upload your tips and tricks for a Samsung mobile device here: http://t.co/zoaov9l7,0.2732,positive
"@AmreliaRuhez If I take sim on samsung mobile code, can I activate and use it on moto g3 or other phone.",0.0,neutral
"181231 Samsung mobile official weibo update 4P 

#SAMSUNG #GalaxyA8s 
#LAY03NAMANANA 
#LayZhangNAMANANA
#producerLayZhang
#LayZhang #à¸­à¸µà¹à¸à¸´à¸ #å¼ èºå´ #Lay #Yixing #ë ì´ #ã¬ã¤ #ãã£ã³ã¤ã¼ã·ã³ #ì¥ì´ì½
@layzhang @lay_studio https://t.co/i1WdHXrBBw",0.0,neutral
Samsung Mobile CEO: Note 7 'Was Like Heaven to Hell' https://t.co/11laBC9kHK #Entrepreneur https://t.co/lhN25qqdl1,0.0516,positive
"#SamsungMobileServiceCenter Samsung Galaxy s2,s3,s4,s5,s6,s6edge,s7,s7edge,s8,s8plus,s9 DIsplay Battery Replacement in Hour #Jayanagar #Bangalore Ph: 08041521114 https://t.co/mebQDJSs7t",0.0,neutral
"#bavfreebie Free brand new Samsung mobile phone will be given away (tues) 
JUST RT &amp;amp; FOLLOW",0.5106,positive
Omar Khan from Samsung Mobile is now on stage with Jeff,0.0,neutral
May 24th Samsung Mobile Event Postponed http://nblo.gs/hXa60,-0.2023,negative
Samsung mobile chief: Galaxy S8 is ticket out of Note 7 'hell' - CNET https://t.co/d8f9GoS7cY,0.0,neutral
Best Buy: Free Samsung Mobile Phone Accessories! http://t.co/kzEYXPPL,0.8313,positive
Watch the entire Samsung Mobile Unpacked event from IFA:  Perhaps you caught our coverage of the Samsung Galaxy ... http://t.co/ws6lM1jk,0.0,neutral
Nokia takes another sutble jab at Samsung Mobile http://t.co/Ihmog05k @TechiTech,0.0,neutral
NEW T-Mobile Samsung T139 FLIP PHONE WITH NO CONTRACT http://t.co/HalpI3JZ #SAMSUNG #mobile #cell #flipphone #tmobile #t-mobile #nocontract,-0.4466,negative
Samsung mobile chief: Galaxy S8 is ticket out of Note 7 'hell'     - CNET https://t.co/1ixsn8N6ay,0.0,neutral
"Once you buy any Samsung Mobile device or accessory, you'll get a Shoprite Voucher worth N10,000 SamsungHolidayTreats.",0.2263,positive
User can find #Latest_Samsung_Mobile_Phones_Reviews_in_India only on http://t.co/TFnIgsx7. http://t.co/suPnM4i8,0.0,neutral
#l-theanine and weight loss flipkart online shopping samsung mobile in india,-0.3182,negative
@SamsungMobileUS @TroiBoy I've always had a Samsung mobile phone,0.0,neutral
#bavfreebie I am going to give a brand new #samsung mobile phone away tomorrow (29th) all you have to do is RETWEET &amp;amp; FOLLOW. #bavfreebie,0.0,neutral
Pre-order &amp;amp; get R500 towards any qualifying Samsung original accessory plus a 6-month Samsung Mobile Care service plan. Ts &amp;amp;Cs apply. https://t.co/7PjXq1ictV,0.6705,positive
"#OneIndiaOneGST ð  Samsung Mobile Fest on Amazon India: Galaxy C7 Pro at Rs 25,990, discount on Gear S3 and more... https://t.co/FqOLlzCBGZ",0.1779,positive
Samsung mobile chief: Galaxy S8 is ticket out of Note 7 'hell' https://t.co/HS7RsrGdzm https://t.co/kZEtLrrGiw,0.0,neutral
Updated: MobiManÂ® - Premium Quality MICRO USB TO 3.5MM Stereo Headset Audio Adapter with Microphone &amp;... http://t.co/6RHNTaLQ,0.0,neutral
OFFER: Samsung Mobile Phone (Woodchester) http://t.co/wUHOCON5,0.0,neutral
"#Samsung Mobile most attractive brand in India, #RelianceJio ranks 4th: Report https://t.co/fWh5UYhPJ8 https://t.co/je38ELLGSK",0.4927,positive
Watch the entire Samsung Mobile Unpacked event from IFA http://t.co/qFdm9I4a,0.0,neutral
"Buy any Samsung Mobile Device or accessory above 10k &amp; get a Shoprtie voucher just like that! #SamsungHolidayTreats
,",0.4199,positive
"samsung mobile price Samsung USB 2.0 8x DVD Writer External Optical Drive for Mac .... Read at http://bit.ly/iMql3Z
 #phone #mobile #pda #fb",0.0,neutral
Can you take a picture it!? @MIEKOSAKAI Samsung mobile service center now,0.0,neutral
"Ft Worth - Sat 04/14 Samsung Mobile 500 #NASCAR Sprint Cup, Texas Motor Speedway $20-$150.29 http://t.co/fWqzRaEG",0.2263,positive
"This has come to be my preferred client, since + Samsung Mobile hasn't made AllShare Play...: This has come to... http://t.co/gkcYiCM7XR",0.0,neutral
ââ¦ Selfie Stick Monopod Camera Holder Button Cable For iPhone 5 6 #Samsung Mobile https://t.co/Y1cCMhmETj https://t.co/kiqVz1v3AV,0.0,neutral
"An immersive, premium pop-up experience, the Samsung Mobile #PIN. Coming soon to London on May 29. http://t.co/8tSt2QcI http://t.co/Sd8MzGll",0.0,neutral
â@andy64wilky: Win a Samsung mobile phone tomorrow!â Tune in @boltonfm from 8am!!! Your last chance to enter this competition #bolton #4gee,0.7887,positive
RT if there is a Samsung Mobile product under the tree this year (or if you wish there were!),0.4574,positive
Bought a flagship Samsung mobile and the worst services one can get....,-0.5719,negative
â§â§ Selfie Stick Monopod Camera Holder Button Cable For iPhone 5 6 #Samsung Mobile https://t.co/Y1cCMhmETj https://t.co/5cMVRJ52t8,0.0,neutral
I liked a @YouTube video from @freeradical1981 http://t.co/dfxaqXQO Samsung Mobile UNPACKED 2012 AT IFA Berlin F,0.4215,positive
"#Samsung Mobile most attractive brand in India, #RelianceJio ranks 4th: Report https://t.co/fWh5UYhPJ8 https://t.co/je38ELLGSK",0.4927,positive
Samsung mobile phone ad with tarantula brilliant. Arguably best ad shown of indy,0.7906,positive
Plz send your samsung mobile details to support@nimbuzz.in RT @Padmanabhan619: @nimbuzz when nimbuzz will be available for samsung bada....,0.0772,positive
Samsung mobile CEO: Our foldable phone won't be just a gimmick     - CNET https://t.co/PYbyMjV8Fr,0.0,neutral
"Hey, Galaxy Note 9 owners: We want to hear from you https://t.co/7iMNJjHf0b #thebuyersguide #userreviews #gadgetry #opinion #samsung #mobile",0.0772,positive
Are you a trader? Buy &amp;amp; sell on our platform. We have plenty of #apple and #samsung #mobile handsets available in all conditions $AAPL $SMSN,0.0,neutral
I liked a @YouTube video https://t.co/clEpiwWpGl How To Flash Any Samsung Mobile Urdu Hindi Full Tutorial,0.4215,positive
"Samsung Mobile CEO: Note 7 âWas Like Heaven to Hellâ https://t.co/3FF0NnHxic
In an interview with PCMag, Samsung&amp;#039;s mobile CEO
SEO",0.7003,positive
Check out the new Paralympics +Samsung MobileÂ ad http://t.co/ktfemhMu,0.0,neutral
Daily Deals USA : Car Air Vent Mount Cradle Holder Stand for iPhone Samsung Mobile Phone Cellphone https://t.co/gSncZKXIbk #7883,0.0,neutral
Samsung Mobile US: All the feels. https://t.co/P9DAaxgoE3: @SamsungMobileUS All the feels.â¦ https://t.co/MgV0Ga745h #BrandsIUse https://t.co/CP0VqRee1b,0.0,neutral
Samsung Mobile To Cut Bonuses For Their Employees - Android Headlines https://t.co/zjWWEmYHGi,0.3612,positive
"Samsung Galaxy Note 9 may launch with Bixby 2.0, according to Samsung mobile chief https://t.co/ESNpMTpWxA https://t.co/8tWdSe8mDf",0.0,neutral
Are you the biggest football fan in the world? Samsung Mobile is looking for the most passionate fans around the... http://t.co/TLrYIjqo2I,0.7178,positive
Nvidia wins a round in move to block Samsung mobile devices in pat..-The U.S. International Trade Commission ITC... http://t.co/aFnRa0A9jp,0.2023,positive
#bavfreebie I am going to give a brand new #samsung mobile phone away tomorrow (29th) all you have to do is RETWEET &amp;amp; FOLLOW. #bavfreebie,0.0,neutral
Samsung wins patent case against Apple in Japan: A Tokyo court ruled today that Samsung mobile devices did not v... http://t.co/CCGkKlS3,0.5719,positive
I will buy a Samsung Mobile the day they introduce an inbuilt printer in it. #GalaxyS8,0.0,neutral
How good is the Samsung Galaxy S-4 sound quality for speakerphone? http://t.co/q79gzUhxgR,0.4404,positive
"#SamsungMobileServiceCenter Samsung Galaxy s2,s3,s4,s5,s6,s6edge,s7,s7edge,s8,s8plus,s9 DIsplay Battery Replacement in Hour #JpNagar #Bangalore Ph:08041521114 https://t.co/a1GnSPPtP8",0.0,neutral
Samsung Mobile to host an event on May 24 in New York http://goo.gl/fb/9JQVY,0.0,neutral
Samsung Takes No. 1 position in the Australia and New Zealand Mobile Phone Market http://t.co/aMxuxofM,-0.296,negative
Nano has a Samsung mobile with a hot pink casing. Hot pink.,0.0,neutral
3.5mm In-ear Headphone Stereo Earbuds Earphone Headset for Samsung Mobile Phone https://t.co/I15xYJPuMO https://t.co/XH8xU1IeRU,0.0,neutral
#bavfreebie tomorrow @MahmoodAnsari will pick a follower to get a brand new Samsung mobile phone. Just retweet &amp;amp; follow.,0.0,neutral
"Its Holiday season happy people! Buy a Samsung Mobile device worth 10k 4 your loved one&amp; get a free SHoprite Voucher #SamsungHolidayTreats
.",0.9412,positive
See what influencers are saying about the #GalaxyCampus Perks from @SamsungMobileUS http://t.co/6ZWT3VHaPp,0.0,neutral
"Buy Samsung Mobile With Price Range 10,000 To 15,000 Rs http://t.co/d9rLUdscOh",0.0,neutral
"Retweeted Samsung Mobile (@SamsungMobile):

On 03.29.2017 weâre pushing the boundaries one more time.... https://t.co/Htp3jGZjTh",0.0,neutral
The Dancer Who Likes to Read: Free Samsung Mobile Software  â http://bit.ly/la5fux,0.7269,positive
Galaxy S3 Users Generating Over 15% of All Samsung Mobile Internet Traffic http://t.co/X9bJDq8w via @cellularnews,0.0,neutral
"""@SamsungMobile: Android 4.0 Ice Cream Sandwich coming to #GALAXYNote & #GALAXYSII in the first quarter of 2012 http://t.co/NIl1NpmA""",0.0,neutral
"Retweeted Samsung Mobile (@SamsungMobile):

Your Instagram feed will never be the same. The #GalaxyS7edge puts... https://t.co/TISkdQeA63",0.0,neutral
Samsung Mobile CEO: Note 7 'Was Like Heaven to Hell' https://t.co/xOzOQyhOIS https://t.co/A0StADuvY2,0.0516,positive
"#bavfreebie Free brand new Samsung mobile phone will be given away (tues) 
JUST RT &amp;amp; FOLLOW",0.5106,positive
"***Please share*** 

A Samsung mobile was found yesterday on Shenstone Drive. If you think you know who this... https://t.co/7z8N6M5Vwq",0.0,neutral
Any idea why the iPad Air doesn't connect to Samsung mobile hotspot?,0.0,neutral
Notice written inside Samsung mobile store for gujjus.&quot;Please note that Samsung Galaxy 'Ace'&amp;amp; Samsung Galaxy 'S' r 2 diff fones&quot; @kartik0703,0.0,neutral
"Samsung Mobile Phones: Samsung Wave 533 - furnishing the thoughts
http://tiny.cc/kpyct",0.0,neutral
"Samsungâs Foldable Smartphone Isnât a Gimmick, Claims CEO https://t.co/T0Nqse0zNe

Samsung Mobile CEO DJ Koh, on the sidelines of the Galaxy S9 and Galaxy S9+ launch in Barcelona, revealed some details about the companyâs first foldable smartphone that is already rumoured as thâ¦ https://t.co/sCuoonjDZ4",0.0,neutral
Relive the pictorial highlights of the Samsung Mobile #UNPACKED at the Tempdrom in Berlin as IFA gets underway! http://t.co/V5uUtx0O,0.0,neutral
"Whatâs up, Galaxy owners? You can now win #iHeartJingleBall tix by visiting your local Samsung Mobile USA Care... https://t.co/XCXrjo03ct",0.5859,positive
Relive the pictorial highlights of the Samsung Mobile #UNPACKED at the Tempdrom in Berlin as IFA gets underway! http://t.co/V5uUtx0O,0.0,neutral
Put your Marketing Intern Experience to work to support Samsung mobile products in an exciting contract position! https://t.co/qqhQPbxS1j,0.7345,positive
"Galaxy Note 7 to get Nougat in âtwo to three months,â Samsung mobile chief says: The Galaxy Note 7 could get ... https://t.co/qriTy2W3Ju",0.0,neutral
gsmegypt Â» Unlocked Samsung Mobile Phones (Worldwide) http://goo.gl/fb/ofvQY,0.0,neutral
Samsung Mobile | Samsung: The Unsurpassed Leaders Of Mobiles http://dlvr.it/QzkKM,0.0,neutral
#HappyNewYear from Samsung Mobile! #Welcome2015 http://t.co/YsqvZWTEbX,0.0,neutral
"Samsung Mobile/Restore: Dail
*#2767*3855#, Rest security
*#7328748263373738# - Soft varsion
*#9999# -",0.34,positive
"Companies that run ads on the Roseanne show:

âMicrosoft
âPizza Hut
âOreo
âNIVEA USA
âindelight
âboostmobile
âExpedia
âTrueCar
ârealtordotcom
âhotelsdotcom
âpepsi
âCocaCola
âAshley Home Store
âSUBWAY
âMetro PCS
âverizon
âSamsung Mobile
âOutback

#BoycottRoseanne",0.0,neutral
"@quickheal I have purchase a samsung mobile ,model no-S3770k.but I cannot scan it as Quck heal does not support it.",-0.3089,negative
"@ZEECorporate A4)
Mobiles- Samsung
Mobile Service - Vodafone
Cold Beverages - Coca-Cola
Water Purifiers - Kent  
#ZEEMindspace #GOB",0.0,neutral
"@bhak_sala same with samsung mobile. They are refusing warranty repair with excuse that it is due to mishandling,moisture,shock etc.",-0.34,negative
"Buy any Samsung Mobile Device or accessory above 10k &amp; get a Shoprtie voucher just like that! #SamsungHolidayTreats
,",0.4199,positive
Download Samsung Android USB Driver official - If you are Samsung Mobile user and you are facing problem of... http://t.co/wQgVW60xAj,-0.4019,negative
"Meet the tiny, Florida-based phone maker that thinks it can beat Samsung  http://t.co/dAxGQK4CH4 #mobile #startup",0.0,neutral
Samsung Mobile Phone - Thinkdigit: Samsung mobile phones have become equivalent to innovation. Every handset of ... http://bit.ly/iMKFKo,0.3818,positive
samsung mobile @delaknf Panasonic Gobel Awards,0.4588,positive
